[{"folder":{"id":"e11f8d57-3cc8-5456-b00d-158455ab15c3"},"id":"5da343ea-54a0-4692-b490-afd9850b92f3","file_name":"1.jpg","title":null,"size":544520,"type":"image/jpeg","url":"https://assets-us-01.kc-usercontent.com/c29b3b24-a622-0004-6ae7-91e38f9efca0/712079e6-8a44-433e-bdfa-4c8265c6834e/1.jpg","image_width":1800,"image_height":1350,"file_reference":{"id":"712079e6-8a44-433e-bdfa-4c8265c6834e","type":"internal"},"descriptions":[{"language":{"id":"00000000-0000-0000-0000-000000000000"},"description":"Donec eu libero sit amet quam egestas semper. Aenean ultricies mi vitae est. Mauris placerat eleifend leo. Quisque sit amet est et sapien ullamcorper pharetra. Vestibulum erat wisi, condimentum sed, commodo vitae, ornare sit amet, wisi."},{"language":{"id":"ecf28376-6ca5-424f-b4ac-88a5b4f70bc0"},"description":null}],"last_modified":"2021-08-26T12:56:52.6841343Z"},{"folder":{"id":"0740d726-b6cc-5c39-96b0-812a800eb488"},"id":"5f550a0a-a67f-4785-a9f3-bab2fbb80393","file_name":"1.jpg","title":null,"size":126460,"type":"image/jpeg","url":"https://assets-us-01.kc-usercontent.com/c29b3b24-a622-0004-6ae7-91e38f9efca0/5fc30d3c-f2ee-4ebd-ac68-a275efb789c7/1.jpg","image_width":1260,"image_height":945,"file_reference":{"id":"5fc30d3c-f2ee-4ebd-ac68-a275efb789c7","type":"internal"},"descriptions":[{"language":{"id":"00000000-0000-0000-0000-000000000000"},"description":"Donec eu libero sit amet quam egestas semper. Aenean ultricies mi vitae est. Mauris placerat eleifend leo. Quisque sit amet est et sapien ullamcorper pharetra. Vestibulum erat wisi, condimentum sed, commodo vitae, ornare sit amet, wisi."},{"language":{"id":"ecf28376-6ca5-424f-b4ac-88a5b4f70bc0"},"description":null}],"last_modified":"2021-08-26T12:57:05.1744359Z"},{"folder":{"id":"6ed2eeea-c951-5646-b906-40f531a473d4"},"id":"6d1fac1f-de31-4c27-97b6-5070f92ca548","file_name":"type-through-time.jpg","title":null,"size":88921,"type":"image/jpeg","url":"https://assets-us-01.kc-usercontent.com/c29b3b24-a622-0004-6ae7-91e38f9efca0/b36d3e4c-7a2c-4e33-a621-6ff4e65a34f2/type-through-time.jpg","image_width":1250,"image_height":250,"file_reference":{"id":"b36d3e4c-7a2c-4e33-a621-6ff4e65a34f2","type":"internal"},"descriptions":[{"language":{"id":"00000000-0000-0000-0000-000000000000"},"description":"Type through 5 centuries."},{"language":{"id":"ecf28376-6ca5-424f-b4ac-88a5b4f70bc0"},"description":null}],"last_modified":"2021-08-26T12:57:06.8463271Z"},{"folder":{"id":"6ed2eeea-c951-5646-b906-40f531a473d4"},"id":"79a9ad36-a5c5-406c-b80a-e121d3f4be37","file_name":"42-line-bible.jpg","title":null,"size":114722,"type":"image/jpeg","url":"https://assets-us-01.kc-usercontent.com/c29b3b24-a622-0004-6ae7-91e38f9efca0/e7c27f2d-f615-4110-8f9c-6d7e6bce424b/42-line-bible.jpg","image_width":800,"image_height":550,"file_reference":{"id":"e7c27f2d-f615-4110-8f9c-6d7e6bce424b","type":"internal"},"descriptions":[{"language":{"id":"00000000-0000-0000-0000-000000000000"},"description":"The 42–Line Bible, printed by Gutenberg."},{"language":{"id":"ecf28376-6ca5-424f-b4ac-88a5b4f70bc0"},"description":null}],"last_modified":"2021-08-26T12:56:58.8251431Z"},{"folder":{"id":"afd21336-8211-5de5-8bee-a1107d988bde"},"id":"7a92fc90-e499-4036-9ba2-47f095427095","file_name":"radek.jpg","title":null,"size":139724,"type":"image/jpeg","url":"https://assets-us-01.kc-usercontent.com/c29b3b24-a622-0004-6ae7-91e38f9efca0/64d90e60-4840-4786-9145-1251546313cd/radek.jpg","image_width":1000,"image_height":1000,"file_reference":{"id":"64d90e60-4840-4786-9145-1251546313cd","type":"internal"},"descriptions":[{"language":{"id":"00000000-0000-0000-0000-000000000000"},"description":null},{"language":{"id":"ecf28376-6ca5-424f-b4ac-88a5b4f70bc0"},"description":null}],"last_modified":"2021-08-26T12:57:03.5337711Z"},{"folder":{"id":"eabcfcf4-95a1-5fb6-b03a-8e516f519ef9"},"id":"86744d5c-6111-4ff9-a586-d421526bf90e","file_name":"1.jpg","title":null,"size":830500,"type":"image/jpeg","url":"https://assets-us-01.kc-usercontent.com/c29b3b24-a622-0004-6ae7-91e38f9efca0/b6436ff1-3266-4a57-ba93-b4d8f08b70d4/1.jpg","image_width":1800,"image_height":1200,"file_reference":{"id":"b6436ff1-3266-4a57-ba93-b4d8f08b70d4","type":"internal"},"descriptions":[{"language":{"id":"00000000-0000-0000-0000-000000000000"},"description":"Nulla faucibus vestibulum eros in tempus. Vestibulum tempor imperdiet velit nec dapibus"},{"language":{"id":"ecf28376-6ca5-424f-b4ac-88a5b4f70bc0"},"description":null}],"last_modified":"2021-08-26T12:56:54.7310718Z"},{"folder":{"id":"d2824f78-b596-50f0-957c-c7662b2771d3"},"id":"ac4edfa7-0eac-4bf6-a1ae-3e3dab8af569","file_name":"movable-type.jpg","title":null,"size":967930,"type":"image/jpeg","url":"https://assets-us-01.kc-usercontent.com/c29b3b24-a622-0004-6ae7-91e38f9efca0/26bb13e7-fec3-4e65-940a-1cb3db8fe7b8/movable-type.jpg","image_width":2288,"image_height":1520,"file_reference":{"id":"26bb13e7-fec3-4e65-940a-1cb3db8fe7b8","type":"internal"},"descriptions":[{"language":{"id":"00000000-0000-0000-0000-000000000000"},"description":"Movable metal type, and composing stick, descended from Gutenberg's press. Photo by Willi Heidelbach. Licensed under CC BY 2.5"},{"language":{"id":"ecf28376-6ca5-424f-b4ac-88a5b4f70bc0"},"description":null}],"last_modified":"2021-08-26T12:56:57.184513Z"},{"folder":{"id":"8ac76d99-0b79-5be4-a5c2-5cfe6e43fb6a"},"id":"bee542f7-4644-4f77-b77d-049550ca77b2","file_name":"1.jpg","title":null,"size":129096,"type":"image/jpeg","url":"https://assets-us-01.kc-usercontent.com/c29b3b24-a622-0004-6ae7-91e38f9efca0/cfe6347a-90e2-44fa-b663-9238e12bd660/1.jpg","image_width":1800,"image_height":1200,"file_reference":{"id":"cfe6347a-90e2-44fa-b663-9238e12bd660","type":"internal"},"descriptions":[{"language":{"id":"00000000-0000-0000-0000-000000000000"},"description":null},{"language":{"id":"ecf28376-6ca5-424f-b4ac-88a5b4f70bc0"},"description":null}],"last_modified":"2021-08-26T12:57:00.481404Z"},{"folder":{"id":"0031469e-595e-5e8b-91a0-103f1569c613"},"id":"de285e71-e01f-4f42-a4a9-cc475855edd2","file_name":"1.jpg","title":null,"size":129096,"type":"image/jpeg","url":"https://assets-us-01.kc-usercontent.com/c29b3b24-a622-0004-6ae7-91e38f9efca0/6ab8ce58-213e-4d73-9b98-57da880d7071/1.jpg","image_width":1800,"image_height":1200,"file_reference":{"id":"6ab8ce58-213e-4d73-9b98-57da880d7071","type":"internal"},"descriptions":[{"language":{"id":"00000000-0000-0000-0000-000000000000"},"description":null},{"language":{"id":"ecf28376-6ca5-424f-b4ac-88a5b4f70bc0"},"description":null}],"last_modified":"2021-08-26T12:57:02.1063873Z"}]