[{"id":"60e4a3e6-37da-44bc-9ae6-de22eaa5036d","name":"Site Metadata","codename":"site_metadata","type":{"id":"06f7e41c-bef0-5013-9cd4-84fa72b95e32"},"collection":{"id":"00000000-0000-0000-0000-000000000000"},"sitemap_locations":[],"last_modified":"2021-08-26T12:57:07.5650111Z"},{"id":"90787bc0-550a-4368-a855-5ae2151e6e93","name":"Navigation Menu","codename":"navigation_menu","type":{"id":"4aac3f22-7a52-5f24-bca3-e36e3a539f12"},"collection":{"id":"00000000-0000-0000-0000-000000000000"},"sitemap_locations":[],"last_modified":"2021-08-26T12:57:08.2837922Z"},{"id":"76e7a110-0f79-4614-b4f9-01722d8b34aa","name":"Articles","codename":"articles","type":{"id":"8be4c041-6021-58a2-8414-c32614ddda49"},"collection":{"id":"00000000-0000-0000-0000-000000000000"},"sitemap_locations":[],"last_modified":"2021-08-26T12:57:08.7681413Z"},{"id":"f17088d1-bbb5-4548-a7d8-d1192f24e255","name":"About Me","codename":"about_me","type":{"id":"8be4c041-6021-58a2-8414-c32614ddda49"},"collection":{"id":"00000000-0000-0000-0000-000000000000"},"sitemap_locations":[],"last_modified":"2021-08-26T12:57:09.299394Z"},{"id":"6215c639-46bf-47f8-a030-a440079c1f8f","name":"Contact","codename":"contact_me","type":{"id":"8be4c041-6021-58a2-8414-c32614ddda49"},"collection":{"id":"00000000-0000-0000-0000-000000000000"},"sitemap_locations":[],"last_modified":"2021-08-26T12:57:10.0181437Z"},{"id":"cf42d3d4-33a5-4064-9190-a85f938c58a6","name":"Author","codename":"author","type":{"id":"ef0e5861-907e-5592-b4b4-cb8574a4e887"},"collection":{"id":"00000000-0000-0000-0000-000000000000"},"sitemap_locations":[],"last_modified":"2021-08-26T12:57:10.4751634Z"},{"id":"6ed7a245-8b2a-4bb0-854c-bcf4b221d6c6","name":"Perfecting the Art of Perfection","codename":"perfecting_the_art_of_perfection","type":{"id":"1f19c9de-51a2-55bd-96c5-dfab198a4e2d"},"collection":{"id":"00000000-0000-0000-0000-000000000000"},"sitemap_locations":[],"last_modified":"2021-08-26T12:57:11.1782829Z"},{"id":"bec932d1-efba-4c90-aaab-52dee97faf73","name":"The Origins of Social Stationery Lettering","codename":"the_origins_of_social_stationery_lettering","type":{"id":"1f19c9de-51a2-55bd-96c5-dfab198a4e2d"},"collection":{"id":"00000000-0000-0000-0000-000000000000"},"sitemap_locations":[],"last_modified":"2021-08-26T12:57:11.8814175Z"},{"id":"05e49337-e8a1-4536-b0ba-0e059f468a58","name":"A Brief History of Typography","codename":"untitled_content_item","type":{"id":"1f19c9de-51a2-55bd-96c5-dfab198a4e2d"},"collection":{"id":"00000000-0000-0000-0000-000000000000"},"sitemap_locations":[],"last_modified":"2021-08-26T12:57:12.6001817Z"},{"id":"dd5df113-b2b3-4a64-b285-63538d666d99","name":"Humane Typography in the Digital Age","codename":"humane_typography_in_the_digital_age","type":{"id":"1f19c9de-51a2-55bd-96c5-dfab198a4e2d"},"collection":{"id":"00000000-0000-0000-0000-000000000000"},"sitemap_locations":[],"last_modified":"2021-08-26T12:57:13.3043162Z"},{"id":"74f6dd41-97a5-42e2-823a-09232a37ea8e","name":"Upgraded to Gatsby v3","codename":"upgraded_to_gatsby_v2","type":{"id":"1f19c9de-51a2-55bd-96c5-dfab198a4e2d"},"collection":{"id":"00000000-0000-0000-0000-000000000000"},"sitemap_locations":[],"last_modified":"2021-08-26T12:57:14.322414Z"},{"id":"0003ced5-ae70-42ed-8931-841d1dfb1893","name":"About me","codename":"about_me_e96de10","type":{"id":"612cc4e4-1cce-5d6b-b0d3-2bff24408a8d"},"collection":{"id":"00000000-0000-0000-0000-000000000000"},"sitemap_locations":[],"last_modified":"2021-08-26T12:57:14.7755701Z"},{"id":"9645c878-b546-46d9-82f2-a8fdf76149e4","name":"Contact","codename":"contact","type":{"id":"612cc4e4-1cce-5d6b-b0d3-2bff24408a8d"},"collection":{"id":"00000000-0000-0000-0000-000000000000"},"sitemap_locations":[],"last_modified":"2021-08-26T12:57:15.4786563Z"},{"id":"1934ccd6-23a8-4e4d-a5e7-d4a2eceeba73","name":"Typography","codename":"typography","type":{"id":"6bc05c55-cc58-52a5-8742-a48db5fcc1e2"},"collection":{"id":"00000000-0000-0000-0000-000000000000"},"sitemap_locations":[],"last_modified":"2021-08-26T12:57:16.1661568Z"},{"id":"4490104a-0e63-45db-841d-25e6facecd29","name":"Open source","codename":"open_source","type":{"id":"8c06a8ac-3a77-5743-8357-26c4ee5158be"},"collection":{"id":"00000000-0000-0000-0000-000000000000"},"sitemap_locations":[],"last_modified":"2021-08-26T12:57:16.8693189Z"},{"id":"8b0cad5e-f270-4466-a5e2-11952ba83c6f","name":"Gatsby","codename":"gatsby","type":{"id":"8c06a8ac-3a77-5743-8357-26c4ee5158be"},"collection":{"id":"00000000-0000-0000-0000-000000000000"},"sitemap_locations":[],"last_modified":"2021-08-26T12:57:17.3224434Z"},{"id":"6fd31435-b1ae-49b6-8121-4e81b0fe3575","name":"Typography","codename":"typography_8ac2339","type":{"id":"8c06a8ac-3a77-5743-8357-26c4ee5158be"},"collection":{"id":"00000000-0000-0000-0000-000000000000"},"sitemap_locations":[],"last_modified":"2021-08-26T12:57:17.7755634Z"},{"id":"62ccdd7f-fd61-4560-8269-00c414fa482e","name":"Design","codename":"design","type":{"id":"8c06a8ac-3a77-5743-8357-26c4ee5158be"},"collection":{"id":"00000000-0000-0000-0000-000000000000"},"sitemap_locations":[],"last_modified":"2021-08-26T12:57:18.4943119Z"},{"id":"d3aee7ad-792c-4b92-a662-e15e203e61e1","name":"Web Development","codename":"web_development","type":{"id":"8c06a8ac-3a77-5743-8357-26c4ee5158be"},"collection":{"id":"00000000-0000-0000-0000-000000000000"},"sitemap_locations":[],"last_modified":"2021-08-26T12:57:18.9630394Z"},{"id":"55b8f7c5-f9be-4d1c-8b24-b337c212aa52","name":"Gatsby","codename":"gatsby_92b8911","type":{"id":"6bc05c55-cc58-52a5-8742-a48db5fcc1e2"},"collection":{"id":"00000000-0000-0000-0000-000000000000"},"sitemap_locations":[],"last_modified":"2021-08-26T12:57:19.6662138Z"},{"id":"bc36cd74-19b9-4d7c-9711-7581705c1b7a","name":"Design Inspiration","codename":"design_inspiration","type":{"id":"6bc05c55-cc58-52a5-8742-a48db5fcc1e2"},"collection":{"id":"00000000-0000-0000-0000-000000000000"},"sitemap_locations":[],"last_modified":"2021-08-26T12:57:20.1037015Z"},{"id":"7ae63377-2191-47a7-9e9e-c7c4250cf090","name":"Handwriting","codename":"handwriting","type":{"id":"8c06a8ac-3a77-5743-8357-26c4ee5158be"},"collection":{"id":"00000000-0000-0000-0000-000000000000"},"sitemap_locations":[],"last_modified":"2021-08-26T12:57:20.5568258Z"},{"id":"95f1ede1-5f9d-4ffe-859e-c165eb6f5dcb","name":"Learning to write","codename":"learning_to_write","type":{"id":"8c06a8ac-3a77-5743-8357-26c4ee5158be"},"collection":{"id":"00000000-0000-0000-0000-000000000000"},"sitemap_locations":[],"last_modified":"2021-08-26T12:57:21.0100048Z"},{"id":"3e23b430-69a5-4d3f-a91a-f375112eca6e","name":"Typefaces","codename":"typefaces","type":{"id":"8c06a8ac-3a77-5743-8357-26c4ee5158be"},"collection":{"id":"00000000-0000-0000-0000-000000000000"},"sitemap_locations":[],"last_modified":"2021-08-26T12:57:21.7130511Z"},{"id":"cd5ff04c-b3f2-46e0-93fa-bc1cb708dce4","name":"Lettering","codename":"lettering","type":{"id":"8c06a8ac-3a77-5743-8357-26c4ee5158be"},"collection":{"id":"00000000-0000-0000-0000-000000000000"},"sitemap_locations":[],"last_modified":"2021-08-26T12:57:22.4018955Z"},{"id":"c31d2ccf-4471-468e-a14f-cc6fbb1ec206","name":"History","codename":"history","type":{"id":"8c06a8ac-3a77-5743-8357-26c4ee5158be"},"collection":{"id":"00000000-0000-0000-0000-000000000000"},"sitemap_locations":[],"last_modified":"2021-08-26T12:57:23.1050287Z"},{"id":"112e15f9-0581-47d4-ac76-c7708b3896be","name":"Homepage","codename":"homepage","type":{"id":"443f59f5-bbdf-5580-a375-a2bc439b7734"},"collection":{"id":"00000000-0000-0000-0000-000000000000"},"sitemap_locations":[],"last_modified":"2021-08-26T12:57:23.5585376Z"}]