[{"id":"eee6db3b-545a-4785-8e86-e3772c8756f9","name":"Draft","codename":"draft","transitions_to":["c199950d-99f0-4983-b711-6c4c91624b22","7a535a69-ad34-47f8-806a-def1fdf4d391","bf9b4ebd-c29a-4039-86a9-2579f27537bd"]},{"id":"bf9b4ebd-c29a-4039-86a9-2579f27537bd","name":"Gatsby preview","codename":"gatsby_preview","transitions_to":["eee6db3b-545a-4785-8e86-e3772c8756f9","c199950d-99f0-4983-b711-6c4c91624b22"]},{"id":"9d2b0228-4d0d-4c23-8b49-01a698857709","name":"Scheduled","codename":"scheduled","transitions_to":[]},{"id":"c199950d-99f0-4983-b711-6c4c91624b22","name":"Published","codename":"published","transitions_to":[]},{"id":"7a535a69-ad34-47f8-806a-def1fdf4d391","name":"Archived","codename":"archived","transitions_to":[]}]